county,precinct,office,district,party,candidate,votes
Forrest,Bar Mac,U.S. Senate,,Dem,Travis W. Childers,177
Forrest,Brooklyn,U.S. Senate,,Dem,Travis W. Childers,29
Forrest,Burger Center,U.S. Senate,,Dem,Travis W. Childers,157
Forrest,Camp,U.S. Senate,,Dem,Travis W. Childers,75
Forrest,Carnes,U.S. Senate,,Dem,Travis W. Childers,41
Forrest,Court Street,U.S. Senate,,Dem,Travis W. Childers,120
Forrest,Dantzler,U.S. Senate,,Dem,Travis W. Childers,48
Forrest,Dixie,U.S. Senate,,Dem,Travis W. Childers,143
Forrest,Dixie Pine Central,U.S. Senate,,Dem,Travis W. Childers,265
Forrest,Eatonville,U.S. Senate,,Dem,Travis W. Childers,101
Forrest,Glendale,U.S. Senate,,Dem,Travis W. Childers,280
Forrest,Hattiesburg Cultural Center,U.S. Senate,,Dem,Travis W. Childers,211
Forrest,Highland Park,U.S. Senate,,Dem,Travis W. Childers,162
Forrest,Kemper Park,U.S. Senate,,Dem,Travis W. Childers,214
Forrest,Leesville,U.S. Senate,,Dem,Travis W. Childers,87
Forrest,Little Burney,U.S. Senate,,Dem,Travis W. Childers,111
Forrest,Maxie,U.S. Senate,,Dem,Travis W. Childers,20
Forrest,Mclaurin,U.S. Senate,,Dem,Travis W. Childers,49
Forrest,North Heights,U.S. Senate,,Dem,Travis W. Childers,213
Forrest,Petal Civic Center,U.S. Senate,,Dem,Travis W. Childers,91
Forrest,Petal Masonic,U.S. Senate,,Dem,Travis W. Childers,116
Forrest,Pinecrest,U.S. Senate,,Dem,Travis W. Childers,164
Forrest,Rawls Springs,U.S. Senate,,Dem,Travis W. Childers,162
Forrest,Richburg,U.S. Senate,,Dem,Travis W. Childers,109
Forrest,Rowan,U.S. Senate,,Dem,Travis W. Childers,197
Forrest,Salvation Army,U.S. Senate,,Dem,Travis W. Childers,278
Forrest,Sheeplo,U.S. Senate,,Dem,Travis W. Childers,101
Forrest,Siglar Center,U.S. Senate,,Dem,Travis W. Childers,198
Forrest,Sunrise,U.S. Senate,,Dem,Travis W. Childers,160
Forrest,Thames,U.S. Senate,,Dem,Travis W. Childers,205
Forrest,Timberton,U.S. Senate,,Dem,Travis W. Childers,33
Forrest,Train Depot,U.S. Senate,,Dem,Travis W. Childers,110
Forrest,West Hills,U.S. Senate,,Dem,Travis W. Childers,59
Forrest,West Petal,U.S. Senate,,Dem,Travis W. Childers,63
Forrest,Westside,U.S. Senate,,Dem,Travis W. Childers,217
Forrest,Bar Mac,U.S. Senate,,Rep,Thad Cochran,724
Forrest,Brooklyn,U.S. Senate,,Rep,Thad Cochran,230
Forrest,Burger Center,U.S. Senate,,Rep,Thad Cochran,35
Forrest,Camp,U.S. Senate,,Rep,Thad Cochran,162
Forrest,Carnes,U.S. Senate,,Rep,Thad Cochran,307
Forrest,Court Street,U.S. Senate,,Rep,Thad Cochran,117
Forrest,Dantzler,U.S. Senate,,Rep,Thad Cochran,209
Forrest,Dixie,U.S. Senate,,Rep,Thad Cochran,714
Forrest,Dixie Pine Central,U.S. Senate,,Rep,Thad Cochran,139
Forrest,Eatonville,U.S. Senate,,Rep,Thad Cochran,298
Forrest,Glendale,U.S. Senate,,Rep,Thad Cochran,177
Forrest,Hattiesburg Cultural Center,U.S. Senate,,Rep,Thad Cochran,63
Forrest,Highland Park,U.S. Senate,,Rep,Thad Cochran,145
Forrest,Kemper Park,U.S. Senate,,Rep,Thad Cochran,377
Forrest,Leesville,U.S. Senate,,Rep,Thad Cochran,402
Forrest,Little Burney,U.S. Senate,,Rep,Thad Cochran,41
Forrest,Maxie,U.S. Senate,,Rep,Thad Cochran,85
Forrest,Mclaurin,U.S. Senate,,Rep,Thad Cochran,135
Forrest,North Heights,U.S. Senate,,Rep,Thad Cochran,95
Forrest,Petal Civic Center,U.S. Senate,,Rep,Thad Cochran,470
Forrest,Petal Masonic,U.S. Senate,,Rep,Thad Cochran,422
Forrest,Pinecrest,U.S. Senate,,Rep,Thad Cochran,262
Forrest,Rawls Springs,U.S. Senate,,Rep,Thad Cochran,242
Forrest,Richburg,U.S. Senate,,Rep,Thad Cochran,230
Forrest,Rowan,U.S. Senate,,Rep,Thad Cochran,61
Forrest,Salvation Army,U.S. Senate,,Rep,Thad Cochran,72
Forrest,Sheeplo,U.S. Senate,,Rep,Thad Cochran,210
Forrest,Siglar Center,U.S. Senate,,Rep,Thad Cochran,187
Forrest,Sunrise,U.S. Senate,,Rep,Thad Cochran,736
Forrest,Thames,U.S. Senate,,Rep,Thad Cochran,955
Forrest,Timberton,U.S. Senate,,Rep,Thad Cochran,196
Forrest,Train Depot,U.S. Senate,,Rep,Thad Cochran,44
Forrest,West Hills,U.S. Senate,,Rep,Thad Cochran,226
Forrest,West Petal,U.S. Senate,,Rep,Thad Cochran,135
Forrest,Westside,U.S. Senate,,Rep,Thad Cochran,293
Forrest,Bar Mac,U.S. Senate,,Ref,Shawn O'Hara,29
Forrest,Brooklyn,U.S. Senate,,Ref,Shawn O'Hara,15
Forrest,Burger Center,U.S. Senate,,Ref,Shawn O'Hara,0
Forrest,Camp,U.S. Senate,,Ref,Shawn O'Hara,9
Forrest,Carnes,U.S. Senate,,Ref,Shawn O'Hara,19
Forrest,Court Street,U.S. Senate,,Ref,Shawn O'Hara,8
Forrest,Dantzler,U.S. Senate,,Ref,Shawn O'Hara,18
Forrest,Dixie,U.S. Senate,,Ref,Shawn O'Hara,35
Forrest,Dixie Pine Central,U.S. Senate,,Ref,Shawn O'Hara,9
Forrest,Eatonville,U.S. Senate,,Ref,Shawn O'Hara,13
Forrest,Glendale,U.S. Senate,,Ref,Shawn O'Hara,7
Forrest,Hattiesburg Cultural Center,U.S. Senate,,Ref,Shawn O'Hara,4
Forrest,Highland Park,U.S. Senate,,Ref,Shawn O'Hara,5
Forrest,Kemper Park,U.S. Senate,,Ref,Shawn O'Hara,11
Forrest,Leesville,U.S. Senate,,Ref,Shawn O'Hara,27
Forrest,Little Burney,U.S. Senate,,Ref,Shawn O'Hara,0
Forrest,Maxie,U.S. Senate,,Ref,Shawn O'Hara,4
Forrest,Mclaurin,U.S. Senate,,Ref,Shawn O'Hara,8
Forrest,North Heights,U.S. Senate,,Ref,Shawn O'Hara,4
Forrest,Petal Civic Center,U.S. Senate,,Ref,Shawn O'Hara,27
Forrest,Petal Masonic,U.S. Senate,,Ref,Shawn O'Hara,14
Forrest,Pinecrest,U.S. Senate,,Ref,Shawn O'Hara,13
Forrest,Rawls Springs,U.S. Senate,,Ref,Shawn O'Hara,10
Forrest,Richburg,U.S. Senate,,Ref,Shawn O'Hara,5
Forrest,Rowan,U.S. Senate,,Ref,Shawn O'Hara,1
Forrest,Salvation Army,U.S. Senate,,Ref,Shawn O'Hara,6
Forrest,Sheeplo,U.S. Senate,,Ref,Shawn O'Hara,7
Forrest,Siglar Center,U.S. Senate,,Ref,Shawn O'Hara,4
Forrest,Sunrise,U.S. Senate,,Ref,Shawn O'Hara,24
Forrest,Thames,U.S. Senate,,Ref,Shawn O'Hara,16
Forrest,Timberton,U.S. Senate,,Ref,Shawn O'Hara,4
Forrest,Train Depot,U.S. Senate,,Ref,Shawn O'Hara,6
Forrest,West Hills,U.S. Senate,,Ref,Shawn O'Hara,5
Forrest,West Petal,U.S. Senate,,Ref,Shawn O'Hara,5
Forrest,Westside,U.S. Senate,,Ref,Shawn O'Hara,12
Forrest,Bar Mac,U.S. House,4,Dem,Matt Moore,114
Forrest,Brooklyn,U.S. House,4,Dem,Matt Moore,23
Forrest,Burger Center,U.S. House,4,Dem,Matt Moore,161
Forrest,Camp,U.S. House,4,Dem,Matt Moore,79
Forrest,Carnes,U.S. House,4,Dem,Matt Moore,27
Forrest,Court Street,U.S. House,4,Dem,Matt Moore,141
Forrest,Dantzler,U.S. House,4,Dem,Matt Moore,24
Forrest,Dixie,U.S. House,4,Dem,Matt Moore,83
Forrest,Dixie Pine Central,U.S. House,4,Dem,Matt Moore,268
Forrest,Eatonville,U.S. House,4,Dem,Matt Moore,75
Forrest,Glendale,U.S. House,4,Dem,Matt Moore,276
Forrest,Hattiesburg Cultural Center,U.S. House,4,Dem,Matt Moore,213
Forrest,Highland Park,U.S. House,4,Dem,Matt Moore,152
Forrest,Kemper Park,U.S. House,4,Dem,Matt Moore,206
Forrest,Leesville,U.S. House,4,Dem,Matt Moore,55
Forrest,Little Burney,U.S. House,4,Dem,Matt Moore,130
Forrest,Maxie,U.S. House,4,Dem,Matt Moore,17
Forrest,Mclaurin,U.S. House,4,Dem,Matt Moore,27
Forrest,North Heights,U.S. House,4,Dem,Matt Moore,230
Forrest,Petal Civic Center,U.S. House,4,Dem,Matt Moore,57
Forrest,Petal Masonic,U.S. House,4,Dem,Matt Moore,68
Forrest,Pinecrest,U.S. House,4,Dem,Matt Moore,158
Forrest,Rawls Springs,U.S. House,4,Dem,Matt Moore,157
Forrest,Richburg,U.S. House,4,Dem,Matt Moore,100
Forrest,Rowan,U.S. House,4,Dem,Matt Moore,218
Forrest,Salvation Army,U.S. House,4,Dem,Matt Moore,292
Forrest,Sheeplo,U.S. House,4,Dem,Matt Moore,96
Forrest,Siglar Center,U.S. House,4,Dem,Matt Moore,222
Forrest,Sunrise,U.S. House,4,Dem,Matt Moore,95
Forrest,Thames,U.S. House,4,Dem,Matt Moore,221
Forrest,Timberton,U.S. House,4,Dem,Matt Moore,31
Forrest,Train Depot,U.S. House,4,Dem,Matt Moore,116
Forrest,West Hills,U.S. House,4,Dem,Matt Moore,51
Forrest,West Petal,U.S. House,4,Dem,Matt Moore,54
Forrest,Westside,U.S. House,4,Dem,Matt Moore,231
Forrest,Bar Mac,U.S. House,4,Rep,Steven McCarty Palazzo,814
Forrest,Brooklyn,U.S. House,4,Rep,Steven McCarty Palazzo,240
Forrest,Burger Center,U.S. House,4,Rep,Steven McCarty Palazzo,7
Forrest,Camp,U.S. House,4,Rep,Steven McCarty Palazzo,140
Forrest,Carnes,U.S. House,4,Rep,Steven McCarty Palazzo,334
Forrest,Court Street,U.S. House,4,Rep,Steven McCarty Palazzo,73
Forrest,Dantzler,U.S. House,4,Rep,Steven McCarty Palazzo,234
Forrest,Dixie,U.S. House,4,Rep,Steven McCarty Palazzo,776
Forrest,Dixie Pine Central,U.S. House,4,Rep,Steven McCarty Palazzo,89
Forrest,Eatonville,U.S. House,4,Rep,Steven McCarty Palazzo,322
Forrest,Glendale,U.S. House,4,Rep,Steven McCarty Palazzo,170
Forrest,Hattiesburg Cultural Center,U.S. House,4,Rep,Steven McCarty Palazzo,32
Forrest,Highland Park,U.S. House,4,Rep,Steven McCarty Palazzo,142
Forrest,Kemper Park,U.S. House,4,Rep,Steven McCarty Palazzo,343
Forrest,Leesville,U.S. House,4,Rep,Steven McCarty Palazzo,452
Forrest,Little Burney,U.S. House,4,Rep,Steven McCarty Palazzo,11
Forrest,Maxie,U.S. House,4,Rep,Steven McCarty Palazzo,81
Forrest,Mclaurin,U.S. House,4,Rep,Steven McCarty Palazzo,160
Forrest,North Heights,U.S. House,4,Rep,Steven McCarty Palazzo,51
Forrest,Petal Civic Center,U.S. House,4,Rep,Steven McCarty Palazzo,500
Forrest,Petal Masonic,U.S. House,4,Rep,Steven McCarty Palazzo,451
Forrest,Pinecrest,U.S. House,4,Rep,Steven McCarty Palazzo,241
Forrest,Rawls Springs,U.S. House,4,Rep,Steven McCarty Palazzo,245
Forrest,Richburg,U.S. House,4,Rep,Steven McCarty Palazzo,227
Forrest,Rowan,U.S. House,4,Rep,Steven McCarty Palazzo,19
Forrest,Salvation Army,U.S. House,4,Rep,Steven McCarty Palazzo,35
Forrest,Sheeplo,U.S. House,4,Rep,Steven McCarty Palazzo,207
Forrest,Siglar Center,U.S. House,4,Rep,Steven McCarty Palazzo,143
Forrest,Sunrise,U.S. House,4,Rep,Steven McCarty Palazzo,811
Forrest,Thames,U.S. House,4,Rep,Steven McCarty Palazzo,873
Forrest,Timberton,U.S. House,4,Rep,Steven McCarty Palazzo,197
Forrest,Train Depot,U.S. House,4,Rep,Steven McCarty Palazzo,34
Forrest,West Hills,U.S. House,4,Rep,Steven McCarty Palazzo,225
Forrest,West Petal,U.S. House,4,Rep,Steven McCarty Palazzo,149
Forrest,Westside,U.S. House,4,Rep,Steven McCarty Palazzo,260
Forrest,Bar Mac,U.S. House,4,Ind,Cindy Burleson,17
Forrest,Brooklyn,U.S. House,4,Ind,Cindy Burleson,4
Forrest,Burger Center,U.S. House,4,Ind,Cindy Burleson,3
Forrest,Camp,U.S. House,4,Ind,Cindy Burleson,15
Forrest,Carnes,U.S. House,4,Ind,Cindy Burleson,4
Forrest,Court Street,U.S. House,4,Ind,Cindy Burleson,10
Forrest,Dantzler,U.S. House,4,Ind,Cindy Burleson,6
Forrest,Dixie,U.S. House,4,Ind,Cindy Burleson,21
Forrest,Dixie Pine Central,U.S. House,4,Ind,Cindy Burleson,12
Forrest,Eatonville,U.S. House,4,Ind,Cindy Burleson,12
Forrest,Glendale,U.S. House,4,Ind,Cindy Burleson,6
Forrest,Hattiesburg Cultural Center,U.S. House,4,Ind,Cindy Burleson,11
Forrest,Highland Park,U.S. House,4,Ind,Cindy Burleson,6
Forrest,Kemper Park,U.S. House,4,Ind,Cindy Burleson,24
Forrest,Leesville,U.S. House,4,Ind,Cindy Burleson,13
Forrest,Little Burney,U.S. House,4,Ind,Cindy Burleson,2
Forrest,Maxie,U.S. House,4,Ind,Cindy Burleson,2
Forrest,Mclaurin,U.S. House,4,Ind,Cindy Burleson,2
Forrest,North Heights,U.S. House,4,Ind,Cindy Burleson,7
Forrest,Petal Civic Center,U.S. House,4,Ind,Cindy Burleson,16
Forrest,Petal Masonic,U.S. House,4,Ind,Cindy Burleson,16
Forrest,Pinecrest,U.S. House,4,Ind,Cindy Burleson,17
Forrest,Rawls Springs,U.S. House,4,Ind,Cindy Burleson,9
Forrest,Richburg,U.S. House,4,Ind,Cindy Burleson,14
Forrest,Rowan,U.S. House,4,Ind,Cindy Burleson,5
Forrest,Salvation Army,U.S. House,4,Ind,Cindy Burleson,5
Forrest,Sheeplo,U.S. House,4,Ind,Cindy Burleson,4
Forrest,Siglar Center,U.S. House,4,Ind,Cindy Burleson,9
Forrest,Sunrise,U.S. House,4,Ind,Cindy Burleson,15
Forrest,Thames,U.S. House,4,Ind,Cindy Burleson,34
Forrest,Timberton,U.S. House,4,Ind,Cindy Burleson,8
Forrest,Train Depot,U.S. House,4,Ind,Cindy Burleson,3
Forrest,West Hills,U.S. House,4,Ind,Cindy Burleson,8
Forrest,West Petal,U.S. House,4,Ind,Cindy Burleson,5
Forrest,Westside,U.S. House,4,Ind,Cindy Burleson,20
Forrest,Bar Mac,U.S. House,4,Ind,Ed Reich,1
Forrest,Brooklyn,U.S. House,4,Ind,Ed Reich,3
Forrest,Burger Center,U.S. House,4,Ind,Ed Reich,1
Forrest,Camp,U.S. House,4,Ind,Ed Reich,1
Forrest,Carnes,U.S. House,4,Ind,Ed Reich,0
Forrest,Court Street,U.S. House,4,Ind,Ed Reich,0
Forrest,Dantzler,U.S. House,4,Ind,Ed Reich,3
Forrest,Dixie,U.S. House,4,Ind,Ed Reich,2
Forrest,Dixie Pine Central,U.S. House,4,Ind,Ed Reich,0
Forrest,Eatonville,U.S. House,4,Ind,Ed Reich,0
Forrest,Glendale,U.S. House,4,Ind,Ed Reich,1
Forrest,Hattiesburg Cultural Center,U.S. House,4,Ind,Ed Reich,3
Forrest,Highland Park,U.S. House,4,Ind,Ed Reich,3
Forrest,Kemper Park,U.S. House,4,Ind,Ed Reich,3
Forrest,Leesville,U.S. House,4,Ind,Ed Reich,0
Forrest,Little Burney,U.S. House,4,Ind,Ed Reich,0
Forrest,Maxie,U.S. House,4,Ind,Ed Reich,0
Forrest,Mclaurin,U.S. House,4,Ind,Ed Reich,1
Forrest,North Heights,U.S. House,4,Ind,Ed Reich,1
Forrest,Petal Civic Center,U.S. House,4,Ind,Ed Reich,3
Forrest,Petal Masonic,U.S. House,4,Ind,Ed Reich,4
Forrest,Pinecrest,U.S. House,4,Ind,Ed Reich,2
Forrest,Rawls Springs,U.S. House,4,Ind,Ed Reich,2
Forrest,Richburg,U.S. House,4,Ind,Ed Reich,0
Forrest,Rowan,U.S. House,4,Ind,Ed Reich,1
Forrest,Salvation Army,U.S. House,4,Ind,Ed Reich,3
Forrest,Sheeplo,U.S. House,4,Ind,Ed Reich,2
Forrest,Siglar Center,U.S. House,4,Ind,Ed Reich,3
Forrest,Sunrise,U.S. House,4,Ind,Ed Reich,5
Forrest,Thames,U.S. House,4,Ind,Ed Reich,8
Forrest,Timberton,U.S. House,4,Ind,Ed Reich,0
Forrest,Train Depot,U.S. House,4,Ind,Ed Reich,1
Forrest,West Hills,U.S. House,4,Ind,Ed Reich,0
Forrest,West Petal,U.S. House,4,Ind,Ed Reich,2
Forrest,Westside,U.S. House,4,Ind,Ed Reich,2
Forrest,Bar Mac,U.S. House,4,Lib,Joey Robinson,17
Forrest,Brooklyn,U.S. House,4,Lib,Joey Robinson,3
Forrest,Burger Center,U.S. House,4,Lib,Joey Robinson,1
Forrest,Camp,U.S. House,4,Lib,Joey Robinson,9
Forrest,Carnes,U.S. House,4,Lib,Joey Robinson,4
Forrest,Court Street,U.S. House,4,Lib,Joey Robinson,3
Forrest,Dantzler,U.S. House,4,Lib,Joey Robinson,18
Forrest,Dixie,U.S. House,4,Lib,Joey Robinson,22
Forrest,Dixie Pine Central,U.S. House,4,Lib,Joey Robinson,2
Forrest,Eatonville,U.S. House,4,Lib,Joey Robinson,10
Forrest,Glendale,U.S. House,4,Lib,Joey Robinson,4
Forrest,Hattiesburg Cultural Center,U.S. House,4,Lib,Joey Robinson,4
Forrest,Highland Park,U.S. House,4,Lib,Joey Robinson,2
Forrest,Kemper Park,U.S. House,4,Lib,Joey Robinson,30
Forrest,Leesville,U.S. House,4,Lib,Joey Robinson,12
Forrest,Little Burney,U.S. House,4,Lib,Joey Robinson,0
Forrest,Maxie,U.S. House,4,Lib,Joey Robinson,0
Forrest,Mclaurin,U.S. House,4,Lib,Joey Robinson,3
Forrest,North Heights,U.S. House,4,Lib,Joey Robinson,4
Forrest,Petal Civic Center,U.S. House,4,Lib,Joey Robinson,18
Forrest,Petal Masonic,U.S. House,4,Lib,Joey Robinson,20
Forrest,Pinecrest,U.S. House,4,Lib,Joey Robinson,9
Forrest,Rawls Springs,U.S. House,4,Lib,Joey Robinson,5
Forrest,Richburg,U.S. House,4,Lib,Joey Robinson,7
Forrest,Rowan,U.S. House,4,Lib,Joey Robinson,2
Forrest,Salvation Army,U.S. House,4,Lib,Joey Robinson,1
Forrest,Sheeplo,U.S. House,4,Lib,Joey Robinson,4
Forrest,Siglar Center,U.S. House,4,Lib,Joey Robinson,4
Forrest,Sunrise,U.S. House,4,Lib,Joey Robinson,18
Forrest,Thames,U.S. House,4,Lib,Joey Robinson,21
Forrest,Timberton,U.S. House,4,Lib,Joey Robinson,2
Forrest,Train Depot,U.S. House,4,Lib,Joey Robinson,4
Forrest,West Hills,U.S. House,4,Lib,Joey Robinson,7
Forrest,West Petal,U.S. House,4,Lib,Joey Robinson,3
Forrest,Westside,U.S. House,4,Lib,Joey Robinson,13
Forrest,Bar Mac,U.S. House,4,Ref,Eli Jackson,3
Forrest,Brooklyn,U.S. House,4,Ref,Eli Jackson,0
Forrest,Burger Center,U.S. House,4,Ref,Eli Jackson,6
Forrest,Camp,U.S. House,4,Ref,Eli Jackson,1
Forrest,Carnes,U.S. House,4,Ref,Eli Jackson,1
Forrest,Court Street,U.S. House,4,Ref,Eli Jackson,9
Forrest,Dantzler,U.S. House,4,Ref,Eli Jackson,1
Forrest,Dixie,U.S. House,4,Ref,Eli Jackson,2
Forrest,Dixie Pine Central,U.S. House,4,Ref,Eli Jackson,29
Forrest,Eatonville,U.S. House,4,Ref,Eli Jackson,0
Forrest,Glendale,U.S. House,4,Ref,Eli Jackson,8
Forrest,Hattiesburg Cultural Center,U.S. House,4,Ref,Eli Jackson,8
Forrest,Highland Park,U.S. House,4,Ref,Eli Jackson,7
Forrest,Kemper Park,U.S. House,4,Ref,Eli Jackson,8
Forrest,Leesville,U.S. House,4,Ref,Eli Jackson,4
Forrest,Little Burney,U.S. House,4,Ref,Eli Jackson,3
Forrest,Maxie,U.S. House,4,Ref,Eli Jackson,0
Forrest,Mclaurin,U.S. House,4,Ref,Eli Jackson,1
Forrest,North Heights,U.S. House,4,Ref,Eli Jackson,11
Forrest,Petal Civic Center,U.S. House,4,Ref,Eli Jackson,5
Forrest,Petal Masonic,U.S. House,4,Ref,Eli Jackson,1
Forrest,Pinecrest,U.S. House,4,Ref,Eli Jackson,4
Forrest,Rawls Springs,U.S. House,4,Ref,Eli Jackson,4
Forrest,Richburg,U.S. House,4,Ref,Eli Jackson,8
Forrest,Rowan,U.S. House,4,Ref,Eli Jackson,6
Forrest,Salvation Army,U.S. House,4,Ref,Eli Jackson,10
Forrest,Sheeplo,U.S. House,4,Ref,Eli Jackson,8
Forrest,Siglar Center,U.S. House,4,Ref,Eli Jackson,3
Forrest,Sunrise,U.S. House,4,Ref,Eli Jackson,3
Forrest,Thames,U.S. House,4,Ref,Eli Jackson,4
Forrest,Timberton,U.S. House,4,Ref,Eli Jackson,0
Forrest,Train Depot,U.S. House,4,Ref,Eli Jackson,3
Forrest,West Hills,U.S. House,4,Ref,Eli Jackson,2
Forrest,West Petal,U.S. House,4,Ref,Eli Jackson,1
Forrest,Westside,U.S. House,4,Ref,Eli Jackson,2
